name,description
Lifestyle,"Covers a range of topics related to everyday life, including personal experiences, hobbies, and tips for a balanced life."
Technology,"Focuses on the latest tech news, reviews, and tutorials on various gadgets and software."
Travel,"Shares travel stories, destination guides, tips for budget traveling, and cultural insights."
Food & Cooking,"Features recipes, cooking techniques, restaurant reviews, and discussions about different cuisines."
Health & Wellness,"Provides information on physical and mental health, fitness tips, and wellness practices."
Fashion & Beauty,"Offers the latest trends in fashion, beauty tips, product reviews, and style advice."
Personal Finance,"Gives advice on budgeting, investing, saving money, and financial planning."
Education,"Discusses educational trends, learning techniques, and insights on various academic subjects."
Business & Career,"Covers topics related to business development, entrepreneurship, career growth, and job hunting tips."
Arts & Culture,"Explores different forms of art, cultural events, book reviews, and discussions on various cultural topics."
DIY & Crafts,"Offers tutorials, project ideas, and tips for various do-it-yourself projects and crafts."
Parenting & Family,"Shares experiences, advice, and tips on parenting, family life, and activities for children."
Entertainment,"Covers movies, TV shows, music, celebrity news, and entertainment industry insights."
Sports & Fitness,"Provides updates on various sports, fitness routines, sports equipment reviews, and health benefits of physical activity."
Environmental Issues,"Discusses topics related to sustainability, environmental conservation, and eco-friendly living."
Personal Development,"Offers advice on self-improvement, life skills, motivation, and personal growth strategies."
Photography & Video,"Showcases photography tips, camera reviews, and techniques for both beginners and professionals."
Science & Technology,"Explores scientific discoveries, technological advancements, and discussions on various scientific topics."
Politics & Society,"Offers insights, analyses, and opinions on current political events and social issues."
Travel & Adventure,"Shares thrilling adventure stories, guides for adventure travel, and tips for outdoor activities."
Food & Nutrition,"Focuses on healthy eating, nutritional advice, diet plans, and the science behind food."
Book Reviews & Literature,"Provides reviews of latest books, literary discussions, and recommendations for readers of various genres."
Gaming,"Covers video game reviews, news, strategy guides, and insights into the gaming industry."
History & Archaeology,"Delivers fascinating stories from history, archaeological discoveries, and historical perspectives on current events."
Home & Garden,"Offers tips on home improvement, gardening, interior design, and maintaining a beautiful and functional living space."